[{"model": "home.homepage", "pk": 3, "fields": {"body": ""}}, {"model": "home.homepage", "pk": 4, "fields": {"body": "At least one image should exist"}}, {"model": "wagtailusers.userprofile", "pk": 1, "fields": {"user": 2, "submitted_notifications": true, "approved_notifications": true, "rejected_notifications": true, "updated_comments_notifications": true, "preferred_language": "", "current_time_zone": "", "avatar": "", "dismissibles": {}, "theme": "system", "contrast": "system", "density": "default", "keyboard_shortcuts": true}}, {"model": "wagtailusers.userprofile", "pk": 2, "fields": {"user": 1, "submitted_notifications": true, "approved_notifications": true, "rejected_notifications": true, "updated_comments_notifications": true, "preferred_language": "", "current_time_zone": "", "avatar": "", "dismissibles": {"last_upgrade_check": "7.2.1", "help": true, "whats-new-in-wagtail-7.2": true, "editor-guide": true}, "theme": "system", "contrast": "system", "density": "default", "keyboard_shortcuts": true}}, {"model": "wagtailsearch.indexentry", "pk": 1, "fields": {"content_type": 2, "object_id": "4", "title_norm": 0.6818181818181818, "autocomplete": "Image added", "title": "Image added", "body": ""}}, {"model": "wagtailsearch.indexentry", "pk": 2, "fields": {"content_type": 2, "object_id": "3", "title_norm": 1.875, "autocomplete": "Home", "title": "Home", "body": ""}}, {"model": "wagtailsearch.sqliteftsindexentry", "pk": 1, "fields": {"autocomplete": "Image added", "title": "Image added", "body": ""}}, {"model": "wagtailsearch.sqliteftsindexentry", "pk": 2, "fields": {"autocomplete": "Home", "title": "Home", "body": ""}}, {"model": "wagtailcore.locale", "pk": 1, "fields": {"language_code": "en"}}, {"model": "wagtailcore.site", "pk": 2, "fields": {"hostname": "localhost", "port": 80, "site_name": "", "root_page": 3, "is_default_site": true}}, {"model": "wagtailcore.modellogentry", "pk": 1, "fields": {"content_type": 47, "label": "Title Written", "action": "wagtail.create", "data": {}, "timestamp": "2025-12-04T11:19:15.119Z", "uuid": "f5a04d1b-6b7a-458b-83d6-26410505741a", "user": 1, "revision": null, "content_changed": true, "deleted": false, "object_id": "1"}}, {"model": "wagtailcore.modellogentry", "pk": 2, "fields": {"content_type": 47, "label": "Image added", "action": "wagtail.create", "data": {}, "timestamp": "2025-12-04T11:22:35.523Z", "uuid": "48b0cc27-7098-4315-a364-643e51da34a9", "user": 1, "revision": null, "content_changed": true, "deleted": false, "object_id": "2"}}, {"model": "wagtailcore.modellogentry", "pk": 3, "fields": {"content_type": 47, "label": "Grammar OK", "action": "wagtail.create", "data": {}, "timestamp": "2025-12-04T11:23:05.222Z", "uuid": "fc450374-60cc-458d-9ef2-20bbd58da6a6", "user": 1, "revision": null, "content_changed": true, "deleted": false, "object_id": "3"}}, {"model": "wagtailcore.modellogentry", "pk": 4, "fields": {"content_type": 47, "label": "Grammer checked", "action": "wagtail.create", "data": {}, "timestamp": "2025-12-05T11:05:35.658Z", "uuid": "fbd0ed95-7feb-47e4-bb53-24de6b8df8a2", "user": 1, "revision": null, "content_changed": true, "deleted": false, "object_id": "4"}}, {"model": "wagtailcore.revision", "pk": 1, "fields": {"content_type": 2, "base_content_type": 1, "object_id": "4", "created_at": "2025-12-04T11:21:32.978Z", "user": 1, "object_str": "Image added", "content": {"pk": 4, "path": "000100010001", "depth": 3, "numchild": 0, "translation_key": "b1065f6c-b58d-4560-a1c0-f77394697c9c", "locale": 1, "latest_revision": null, "live": false, "has_unpublished_changes": false, "first_published_at": null, "last_published_at": null, "live_revision": null, "go_live_at": null, "expire_at": null, "expired": false, "locked": false, "locked_at": null, "locked_by": null, "title": "Image added", "draft_title": "Image added", "slug": "image-added", "content_type": 2, "url_path": "/home/image-added/", "owner": 1, "seo_title": "", "show_in_menus": false, "search_description": "", "latest_revision_created_at": null, "alias_of": null, "body": "", "wagtail_admin_comments": []}, "approved_go_live_at": null}}, {"model": "wagtailcore.revision", "pk": 2, "fields": {"content_type": 2, "base_content_type": 1, "object_id": "4", "created_at": "2025-12-04T11:21:51.416Z", "user": 1, "object_str": "Image added", "content": {"pk": 4, "path": "000100010001", "depth": 3, "numchild": 0, "translation_key": "b1065f6c-b58d-4560-a1c0-f77394697c9c", "locale": 1, "latest_revision": 1, "live": false, "has_unpublished_changes": true, "first_published_at": null, "last_published_at": null, "live_revision": null, "go_live_at": null, "expire_at": null, "expired": false, "locked": false, "locked_at": null, "locked_by": null, "title": "Image added", "draft_title": "Image added", "slug": "image-added", "content_type": 2, "url_path": "/home/image-added/", "owner": 1, "seo_title": "", "show_in_menus": false, "search_description": "", "latest_revision_created_at": "2025-12-04T11:21:32.978Z", "alias_of": null, "body": "At least one image should exist", "wagtail_admin_comments": []}, "approved_go_live_at": null}}, {"model": "wagtailcore.revision", "pk": 3, "fields": {"content_type": 2, "base_content_type": 1, "object_id": "4", "created_at": "2025-12-04T11:31:10.287Z", "user": 1, "object_str": "Image added", "content": {"pk": 4, "path": "000100010001", "depth": 3, "numchild": 0, "translation_key": "b1065f6c-b58d-4560-a1c0-f77394697c9c", "locale": 1, "latest_revision": 2, "live": false, "has_unpublished_changes": true, "first_published_at": null, "last_published_at": null, "live_revision": null, "go_live_at": null, "expire_at": null, "expired": false, "locked": false, "locked_at": null, "locked_by": null, "title": "Image added", "draft_title": "Image added", "slug": "image-added", "content_type": 2, "url_path": "/home/image-added/", "owner": 1, "seo_title": "", "show_in_menus": false, "search_description": "", "latest_revision_created_at": "2025-12-04T11:21:51.416Z", "alias_of": null, "body": "At least one image should exist", "wagtail_admin_comments": []}, "approved_go_live_at": null}}, {"model": "wagtailcore.revision", "pk": 4, "fields": {"content_type": 2, "base_content_type": 1, "object_id": "3", "created_at": "2025-12-04T11:38:20.198Z", "user": 1, "object_str": "Home", "content": {"pk": 3, "path": "00010001", "depth": 2, "numchild": 1, "translation_key": "79cd047a-7a50-498a-a44d-7fd7751501ee", "locale": 1, "latest_revision": null, "live": true, "has_unpublished_changes": false, "first_published_at": null, "last_published_at": null, "live_revision": null, "go_live_at": null, "expire_at": null, "expired": false, "locked": false, "locked_at": null, "locked_by": null, "title": "Home", "draft_title": "Home", "slug": "home", "content_type": 2, "url_path": "/home/", "owner": null, "seo_title": "", "show_in_menus": false, "search_description": "", "latest_revision_created_at": null, "alias_of": null, "body": "", "wagtail_admin_comments": []}, "approved_go_live_at": null}}, {"model": "wagtailcore.revision", "pk": 5, "fields": {"content_type": 2, "base_content_type": 1, "object_id": "3", "created_at": "2025-12-04T11:56:21.992Z", "user": 1, "object_str": "Home", "content": {"pk": 3, "path": "00010001", "depth": 2, "numchild": 1, "translation_key": "79cd047a-7a50-498a-a44d-7fd7751501ee", "locale": 1, "latest_revision": 4, "live": true, "has_unpublished_changes": true, "first_published_at": null, "last_published_at": null, "live_revision": null, "go_live_at": null, "expire_at": null, "expired": false, "locked": false, "locked_at": null, "locked_by": null, "title": "Home", "draft_title": "Home", "slug": "home", "content_type": 2, "url_path": "/home/", "owner": null, "seo_title": "", "show_in_menus": false, "search_description": "", "latest_revision_created_at": "2025-12-04T11:38:20.198Z", "alias_of": null, "body": "", "wagtail_admin_comments": []}, "approved_go_live_at": null}}, {"model": "wagtailcore.revision", "pk": 6, "fields": {"content_type": 2, "base_content_type": 1, "object_id": "3", "created_at": "2025-12-04T11:57:52.808Z", "user": 1, "object_str": "Home", "content": {"pk": 3, "path": "00010001", "depth": 2, "numchild": 1, "translation_key": "79cd047a-7a50-498a-a44d-7fd7751501ee", "locale": 1, "latest_revision": 5, "live": true, "has_unpublished_changes": true, "first_published_at": null, "last_published_at": null, "live_revision": null, "go_live_at": null, "expire_at": null, "expired": false, "locked": false, "locked_at": null, "locked_by": null, "title": "Home", "draft_title": "Home", "slug": "home", "content_type": 2, "url_path": "/home/", "owner": null, "seo_title": "", "show_in_menus": false, "search_description": "", "latest_revision_created_at": "2025-12-04T11:56:21.992Z", "alias_of": null, "body": "", "wagtail_admin_comments": []}, "approved_go_live_at": null}}, {"model": "wagtailcore.revision", "pk": 7, "fields": {"content_type": 2, "base_content_type": 1, "object_id": "3", "created_at": "2025-12-04T15:27:43.452Z", "user": 1, "object_str": "Home", "content": {"pk": 3, "path": "00010001", "depth": 2, "numchild": 1, "translation_key": "79cd047a-7a50-498a-a44d-7fd7751501ee", "locale": 1, "latest_revision": 6, "live": true, "has_unpublished_changes": true, "first_published_at": null, "last_published_at": null, "live_revision": null, "go_live_at": null, "expire_at": null, "expired": false, "locked": false, "locked_at": null, "locked_by": null, "title": "Home", "draft_title": "Home", "slug": "home", "content_type": 2, "url_path": "/home/", "owner": null, "seo_title": "", "show_in_menus": false, "search_description": "", "latest_revision_created_at": "2025-12-04T11:57:52.808Z", "alias_of": null, "body": "", "wagtail_admin_comments": []}, "approved_go_live_at": null}}, {"model": "wagtailcore.revision", "pk": 8, "fields": {"content_type": 2, "base_content_type": 1, "object_id": "3", "created_at": "2025-12-04T15:27:57.036Z", "user": 1, "object_str": "Home", "content": {"pk": 3, "path": "00010001", "depth": 2, "numchild": 1, "translation_key": "79cd047a-7a50-498a-a44d-7fd7751501ee", "locale": 1, "latest_revision": 7, "live": true, "has_unpublished_changes": true, "first_published_at": null, "last_published_at": null, "live_revision": null, "go_live_at": null, "expire_at": null, "expired": false, "locked": false, "locked_at": null, "locked_by": null, "title": "Home", "draft_title": "Home", "slug": "home", "content_type": 2, "url_path": "/home/", "owner": null, "seo_title": "", "show_in_menus": false, "search_description": "", "latest_revision_created_at": "2025-12-04T15:27:43.452Z", "alias_of": null, "body": "", "wagtail_admin_comments": []}, "approved_go_live_at": null}}, {"model": "wagtailcore.revision", "pk": 9, "fields": {"content_type": 2, "base_content_type": 1, "object_id": "3", "created_at": "2025-12-04T15:46:10.611Z", "user": 1, "object_str": "Home", "content": {"pk": 3, "path": "00010001", "depth": 2, "numchild": 1, "translation_key": "79cd047a-7a50-498a-a44d-7fd7751501ee", "locale": 1, "latest_revision": 8, "live": true, "has_unpublished_changes": false, "first_published_at": "2025-12-04T15:27:57.047Z", "last_published_at": "2025-12-04T15:27:57.047Z", "live_revision": 8, "go_live_at": null, "expire_at": null, "expired": false, "locked": false, "locked_at": null, "locked_by": null, "title": "Home", "draft_title": "Home", "slug": "home", "content_type": 2, "url_path": "/home/", "owner": null, "seo_title": "", "show_in_menus": false, "search_description": "", "latest_revision_created_at": "2025-12-04T15:27:57.036Z", "alias_of": null, "body": "", "wagtail_admin_comments": []}, "approved_go_live_at": null}}, {"model": "wagtailcore.revision", "pk": 10, "fields": {"content_type": 2, "base_content_type": 1, "object_id": "3", "created_at": "2025-12-04T15:46:31.274Z", "user": 1, "object_str": "Home", "content": {"pk": 3, "path": "00010001", "depth": 2, "numchild": 1, "translation_key": "79cd047a-7a50-498a-a44d-7fd7751501ee", "locale": 1, "latest_revision": 9, "live": true, "has_unpublished_changes": true, "first_published_at": "2025-12-04T15:27:57.047Z", "last_published_at": "2025-12-04T15:27:57.047Z", "live_revision": 8, "go_live_at": null, "expire_at": null, "expired": false, "locked": false, "locked_at": null, "locked_by": null, "title": "Home", "draft_title": "Home", "slug": "home", "content_type": 2, "url_path": "/home/", "owner": null, "seo_title": "", "show_in_menus": false, "search_description": "", "latest_revision_created_at": "2025-12-04T15:46:10.611Z", "alias_of": null, "body": "", "wagtail_admin_comments": []}, "approved_go_live_at": null}}, {"model": "wagtailcore.revision", "pk": 11, "fields": {"content_type": 2, "base_content_type": 1, "object_id": "3", "created_at": "2025-12-05T11:01:29.034Z", "user": 1, "object_str": "Home", "content": {"pk": 3, "path": "00010001", "depth": 2, "numchild": 1, "translation_key": "79cd047a-7a50-498a-a44d-7fd7751501ee", "locale": 1, "latest_revision": 10, "live": true, "has_unpublished_changes": false, "first_published_at": "2025-12-04T15:27:57.047Z", "last_published_at": "2025-12-04T15:46:31.284Z", "live_revision": 10, "go_live_at": null, "expire_at": null, "expired": false, "locked": false, "locked_at": null, "locked_by": null, "title": "Home", "draft_title": "Home", "slug": "home", "content_type": 2, "url_path": "/home/", "owner": null, "seo_title": "", "show_in_menus": false, "search_description": "", "latest_revision_created_at": "2025-12-04T15:46:31.274Z", "alias_of": null, "body": "", "wagtail_admin_comments": []}, "approved_go_live_at": null}}, {"model": "wagtailcore.collection", "pk": 1, "fields": {"path": "0001", "depth": 1, "numchild": 0, "name": "Root"}}, {"model": "wagtailcore.groupcollectionpermission", "pk": 1, "fields": {"group": 2, "collection": 1, "permission": 106}}, {"model": "wagtailcore.groupcollectionpermission", "pk": 2, "fields": {"group": 1, "collection": 1, "permission": 106}}, {"model": "wagtailcore.groupcollectionpermission", "pk": 3, "fields": {"group": 2, "collection": 1, "permission": 107}}, {"model": "wagtailcore.groupcollectionpermission", "pk": 4, "fields": {"group": 1, "collection": 1, "permission": 107}}, {"model": "wagtailcore.groupcollectionpermission", "pk": 5, "fields": {"group": 2, "collection": 1, "permission": 109}}, {"model": "wagtailcore.groupcollectionpermission", "pk": 6, "fields": {"group": 1, "collection": 1, "permission": 109}}, {"model": "wagtailcore.groupcollectionpermission", "pk": 7, "fields": {"group": 2, "collection": 1, "permission": 110}}, {"model": "wagtailcore.groupcollectionpermission", "pk": 8, "fields": {"group": 1, "collection": 1, "permission": 110}}, {"model": "wagtailcore.groupcollectionpermission", "pk": 9, "fields": {"group": 2, "collection": 1, "permission": 111}}, {"model": "wagtailcore.groupcollectionpermission", "pk": 10, "fields": {"group": 1, "collection": 1, "permission": 111}}, {"model": "wagtailcore.groupcollectionpermission", "pk": 11, "fields": {"group": 2, "collection": 1, "permission": 113}}, {"model": "wagtailcore.groupcollectionpermission", "pk": 12, "fields": {"group": 1, "collection": 1, "permission": 113}}, {"model": "wagtailcore.workflow", "pk": 1, "fields": {"name": "Moderators approval", "active": true}}, {"model": "wagtailcore.workflowtask", "pk": 1, "fields": {"sort_order": 0, "workflow": 1, "task": 1}}, {"model": "wagtailcore.task", "pk": 1, "fields": {"name": "Moderators approval", "content_type": 4, "active": true}}, {"model": "wagtailcore.groupapprovaltask", "pk": 1, "fields": {"groups": [1]}}, {"model": "wagtailcore.page", "pk": 1, "fields": {"path": "0001", "depth": 1, "numchild": 1, "translation_key": "bd34fba8-29a2-43b0-bb83-55ecfaf69963", "locale": 1, "latest_revision": null, "live": true, "has_unpublished_changes": false, "first_published_at": null, "last_published_at": null, "live_revision": null, "go_live_at": null, "expire_at": null, "expired": false, "locked": false, "locked_at": null, "locked_by": null, "title": "Root", "draft_title": "Root", "slug": "root", "content_type": 1, "url_path": "/", "owner": null, "seo_title": "", "show_in_menus": false, "search_description": "", "latest_revision_created_at": null, "alias_of": null}}, {"model": "wagtailcore.page", "pk": 3, "fields": {"path": "00010001", "depth": 2, "numchild": 1, "translation_key": "79cd047a-7a50-498a-a44d-7fd7751501ee", "locale": 1, "latest_revision": 11, "live": true, "has_unpublished_changes": true, "first_published_at": "2025-12-04T15:27:57.047Z", "last_published_at": "2025-12-04T15:46:31.284Z", "live_revision": 10, "go_live_at": null, "expire_at": null, "expired": false, "locked": false, "locked_at": null, "locked_by": null, "title": "Home", "draft_title": "Home", "slug": "home", "content_type": 2, "url_path": "/home/", "owner": null, "seo_title": "", "show_in_menus": false, "search_description": "", "latest_revision_created_at": "2025-12-05T11:01:29.034Z", "alias_of": null}}, {"model": "wagtailcore.page", "pk": 4, "fields": {"path": "000100010001", "depth": 3, "numchild": 0, "translation_key": "b1065f6c-b58d-4560-a1c0-f77394697c9c", "locale": 1, "latest_revision": 3, "live": false, "has_unpublished_changes": true, "first_published_at": null, "last_published_at": null, "live_revision": null, "go_live_at": null, "expire_at": null, "expired": false, "locked": false, "locked_at": null, "locked_by": null, "title": "Image added", "draft_title": "Image added", "slug": "image-added", "content_type": 2, "url_path": "/home/image-added/", "owner": 1, "seo_title": "", "show_in_menus": false, "search_description": "", "latest_revision_created_at": "2025-12-04T11:31:10.287Z", "alias_of": null}}, {"model": "wagtailcore.grouppagepermission", "pk": 1, "fields": {"group": 1, "page": 1, "permission": 66}}, {"model": "wagtailcore.grouppagepermission", "pk": 2, "fields": {"group": 1, "page": 1, "permission": 67}}, {"model": "wagtailcore.grouppagepermission", "pk": 3, "fields": {"group": 1, "page": 1, "permission": 72}}, {"model": "wagtailcore.grouppagepermission", "pk": 4, "fields": {"group": 2, "page": 1, "permission": 66}}, {"model": "wagtailcore.grouppagepermission", "pk": 5, "fields": {"group": 2, "page": 1, "permission": 67}}, {"model": "wagtailcore.grouppagepermission", "pk": 6, "fields": {"group": 1, "page": 1, "permission": 71}}, {"model": "wagtailcore.grouppagepermission", "pk": 7, "fields": {"group": 1, "page": 1, "permission": 73}}, {"model": "wagtailcore.workflowpage", "pk": 1, "fields": {"workflow": 1}}, {"model": "wagtailcore.pagelogentry", "pk": 1, "fields": {"content_type": 2, "label": "Image added", "action": "wagtail.create", "data": {}, "timestamp": "2025-12-04T11:21:32.966Z", "uuid": "bd7b6654-bd7f-4d74-a558-68fe12de25b0", "user": 1, "revision": null, "content_changed": true, "deleted": false, "page": 4}}, {"model": "wagtailcore.pagelogentry", "pk": 2, "fields": {"content_type": 2, "label": "Image added", "action": "wagtail.edit", "data": {}, "timestamp": "2025-12-04T11:21:32.984Z", "uuid": "bd7b6654-bd7f-4d74-a558-68fe12de25b0", "user": 1, "revision": 1, "content_changed": true, "deleted": false, "page": 4}}, {"model": "wagtailcore.pagelogentry", "pk": 3, "fields": {"content_type": 2, "label": "Image added", "action": "wagtail.edit", "data": {}, "timestamp": "2025-12-04T11:21:51.421Z", "uuid": "40b30e11-edd8-48d9-83c4-a2c67109e512", "user": 1, "revision": 2, "content_changed": true, "deleted": false, "page": 4}}, {"model": "wagtailcore.pagelogentry", "pk": 4, "fields": {"content_type": 2, "label": "Image added", "action": "wagtail.edit", "data": {}, "timestamp": "2025-12-04T11:31:10.291Z", "uuid": "217e6b19-4f33-4620-be18-8191747c2138", "user": 1, "revision": 3, "content_changed": true, "deleted": false, "page": 4}}, {"model": "wagtailcore.pagelogentry", "pk": 5, "fields": {"content_type": 2, "label": "Home", "action": "wagtail.edit", "data": {}, "timestamp": "2025-12-04T11:38:20.208Z", "uuid": "080aa66a-5077-4df0-a91b-98f955a09767", "user": 1, "revision": 4, "content_changed": true, "deleted": false, "page": 3}}, {"model": "wagtailcore.pagelogentry", "pk": 6, "fields": {"content_type": 2, "label": "Home", "action": "wagtail.edit", "data": {}, "timestamp": "2025-12-04T11:56:22.000Z", "uuid": "1d295c09-1180-4462-b885-c7df84b14b71", "user": 1, "revision": 5, "content_changed": true, "deleted": false, "page": 3}}, {"model": "wagtailcore.pagelogentry", "pk": 7, "fields": {"content_type": 2, "label": "Home", "action": "wagtail.edit", "data": {}, "timestamp": "2025-12-04T11:57:52.818Z", "uuid": "53bec994-65a0-496f-94b4-04077d8d6b07", "user": 1, "revision": 6, "content_changed": true, "deleted": false, "page": 3}}, {"model": "wagtailcore.pagelogentry", "pk": 8, "fields": {"content_type": 2, "label": "Home", "action": "wagtail.edit", "data": {}, "timestamp": "2025-12-04T15:27:43.463Z", "uuid": "fd629b9c-ebaf-4d30-9f31-03041e00fe30", "user": 1, "revision": 7, "content_changed": true, "deleted": false, "page": 3}}, {"model": "wagtailcore.pagelogentry", "pk": 9, "fields": {"content_type": 2, "label": "Home", "action": "wagtail.edit", "data": {}, "timestamp": "2025-12-04T15:27:57.043Z", "uuid": "49e52a4d-8f39-4882-a749-539ccba33047", "user": 1, "revision": 8, "content_changed": true, "deleted": false, "page": 3}}, {"model": "wagtailcore.pagelogentry", "pk": 10, "fields": {"content_type": 2, "label": "Home", "action": "wagtail.publish", "data": {}, "timestamp": "2025-12-04T15:27:57.057Z", "uuid": "49e52a4d-8f39-4882-a749-539ccba33047", "user": 1, "revision": 8, "content_changed": false, "deleted": false, "page": 3}}, {"model": "wagtailcore.pagelogentry", "pk": 11, "fields": {"content_type": 2, "label": "Home", "action": "wagtail.edit", "data": {}, "timestamp": "2025-12-04T15:46:10.620Z", "uuid": "1df87730-938f-4644-a3e8-06260593ecdb", "user": 1, "revision": 9, "content_changed": true, "deleted": false, "page": 3}}, {"model": "wagtailcore.pagelogentry", "pk": 12, "fields": {"content_type": 2, "label": "Home", "action": "wagtail.edit", "data": {}, "timestamp": "2025-12-04T15:46:31.280Z", "uuid": "687cfc75-dda3-400f-8dfe-90c300a80058", "user": 1, "revision": 10, "content_changed": true, "deleted": false, "page": 3}}, {"model": "wagtailcore.pagelogentry", "pk": 13, "fields": {"content_type": 2, "label": "Home", "action": "wagtail.publish", "data": {}, "timestamp": "2025-12-04T15:46:31.294Z", "uuid": "687cfc75-dda3-400f-8dfe-90c300a80058", "user": 1, "revision": 10, "content_changed": false, "deleted": false, "page": 3}}, {"model": "wagtailcore.pagelogentry", "pk": 14, "fields": {"content_type": 2, "label": "Home", "action": "wagtail.edit", "data": {}, "timestamp": "2025-12-05T11:01:29.050Z", "uuid": "44f43651-15cd-4463-94f4-62e75a392979", "user": 1, "revision": 11, "content_changed": true, "deleted": false, "page": 3}}, {"model": "wagtailcore.pagesubscription", "pk": 1, "fields": {"user": 2, "page": 3, "comment_notifications": false}}, {"model": "wagtailcore.pagesubscription", "pk": 2, "fields": {"user": 1, "page": 3, "comment_notifications": false}}, {"model": "wagtailcore.pagesubscription", "pk": 3, "fields": {"user": 1, "page": 4, "comment_notifications": true}}, {"model": "wagtailcore.referenceindex", "pk": 1, "fields": {"content_type": 47, "base_content_type": 47, "object_id": "1", "to_content_type": 1, "to_object_id": "3", "model_path": "page", "content_path": "page", "content_path_hash": "7b295380-95fa-5117-92c0-23c46a06e9b7"}}, {"model": "wagtailcore.referenceindex", "pk": 2, "fields": {"content_type": 47, "base_content_type": 47, "object_id": "2", "to_content_type": 1, "to_object_id": "3", "model_path": "page", "content_path": "page", "content_path_hash": "7b295380-95fa-5117-92c0-23c46a06e9b7"}}, {"model": "wagtailcore.referenceindex", "pk": 3, "fields": {"content_type": 47, "base_content_type": 47, "object_id": "3", "to_content_type": 1, "to_object_id": "3", "model_path": "page", "content_path": "page", "content_path_hash": "7b295380-95fa-5117-92c0-23c46a06e9b7"}}, {"model": "wagtailcore.referenceindex", "pk": 4, "fields": {"content_type": 47, "base_content_type": 47, "object_id": "4", "to_content_type": 1, "to_object_id": "3", "model_path": "page", "content_path": "page", "content_path_hash": "7b295380-95fa-5117-92c0-23c46a06e9b7"}}, {"model": "checklist.checklistitem", "pk": 1, "fields": {"page": 3, "title": "Title Written", "description": "Title should not be empty", "is_done": true}}, {"model": "checklist.checklistitem", "pk": 2, "fields": {"page": 3, "title": "Image added", "description": "At least one image should exist\" | P", "is_done": true}}, {"model": "checklist.checklistitem", "pk": 3, "fields": {"page": 3, "title": "Grammar OK", "description": "Text reviewed", "is_done": false}}, {"model": "checklist.checklistitem", "pk": 4, "fields": {"page": 3, "title": "Grammer checked", "description": "All the paragraphs should have correct grammer", "is_done": false}}, {"model": "auth.group", "pk": 1, "fields": {"name": "Moderators", "permissions": [1, 106, 107, 109, 108, 110, 111, 113, 112]}}, {"model": "auth.group", "pk": 2, "fields": {"name": "Editors", "permissions": [1, 106, 107, 109, 108, 110, 111, 113, 112]}}, {"model": "auth.user", "pk": 1, "fields": {"password": "pbkdf2_sha256$1000000$Y36FOpdej5tJ9Bsi8s4v7D$0EACuQNakIaXVC4JMW5KVpMq4Ve01aSxXHdKn48CQCQ=", "last_login": "2025-12-04T17:32:39.703Z", "is_superuser": true, "username": "ritik", "first_name": "", "last_name": "", "email": "ritikarya1028@gmail.com", "is_staff": true, "is_active": true, "date_joined": "2025-11-21T14:12:06.570Z", "groups": [], "user_permissions": []}}, {"model": "auth.user", "pk": 2, "fields": {"password": "pbkdf2_sha256$1000000$S51wJ4SeDHG6KQuzOa4wYw$960n8qKGmzd+YVGINEmauKqD5qUsWs7WmR2fIHmT7SQ=", "last_login": "2025-12-03T13:49:07.107Z", "is_superuser": true, "username": "prakhar", "first_name": "", "last_name": "", "email": "joshiprakhar76@gmail.com", "is_staff": true, "is_active": true, "date_joined": "2025-12-03T13:44:09.296Z", "groups": [], "user_permissions": []}}, {"model": "auth.user", "pk": 3, "fields": {"password": "pbkdf2_sha256$1000000$XEcrGDFz9FgvzB1PzuBFGG$m9U7guU624rheSwLSObAMRulfjUJ+WnVKz5LlStF0VM=", "last_login": null, "is_superuser": true, "username": "vincent", "first_name": "", "last_name": "", "email": "ritikarya1028@gmsil.com", "is_staff": true, "is_active": true, "date_joined": "2025-12-04T10:42:36.931Z", "groups": [], "user_permissions": []}}, {"model": "auth.user", "pk": 4, "fields": {"password": "pbkdf2_sha256$1000000$AlIPgdhTLmo7Gje4CsgT34$IZ2vd7E6hUA+57955byIgOiovJJMknNj3okh2I7XgGU=", "last_login": null, "is_superuser": true, "username": "RITIK", "first_name": "", "last_name": "", "email": "ritikarya1028@gmail.com", "is_staff": true, "is_active": true, "date_joined": "2025-12-04T18:06:53.455Z", "groups": [], "user_permissions": []}}, {"model": "sessions.session", "pk": "14hyigsrvidazie3timjpewh5wuwtvmv", "fields": {"session_data": ".eJzNkN1um0AQRt-FC25sI_4WFktc2HGiOI5xG9tq0ypCCzvA1sASdgG7Vd-9GEdqovoBejczZ2b06fxSQtLILGwE1CGjylQxlPH7WUTiA5RnQH-QMuVazEtZs0g7r2hvVGhrTiGfv-1-eJARkfXXCTaRZVrY1T0AC-mJi23kRlGCSeQmBgIL4sjwHIfYno4TpJsYgRGZ1NAxJWhIJUAIxssQjhWrT8pUHysdSSVh-aSqoWXQTSxl-l2JRZ0UjNIcOlKD5H0of267i3nK9nrFj1-CPMav2_K-ENFjk67aAz-Ynb7Ht6gsqlbcVc_pU5s7SWsdi6haPZufTmoJR-mrkskc_HtegBpxevJVkTepn517ATy84L4kdZyFFERcs0r2mX015kUBpRST3WY3ewzvNk_rra__HS-D5W55DayXQRjs11fA7Os7oKY8zFkLIeljDoaGUhkbrmN7Vq_c0QzsYBfhl3-92YO3y-ew5JIlLCbn4MLnpXpNKHnUk29NngdBVwVstSqy22hmmw_z5vXmsH34PKe7rtvijRcsDt2-3KDC3WO6QHH08yaYEfuD0GVBUhgRSoFevM7kKAci5IiXMGIDFRlvcjqCIxPyon2YTy5X_7d9w9M9zUM6Mkzz5fcf87ou6w:1vRTpS:5l1ggD10-21szVIE_Ax0dgClxrz-em_yXX122P5nUb4", "expire_date": "2025-12-19T11:18:26.187Z"}}, {"model": "sessions.session", "pk": "254vse20se4ff13ighec3e71r9xh7g13", "fields": {"session_data": ".eJxVjkEOwiAURO_C2pAP9Bdw6d4zECgfixowpU00xrtrTRe6nfdmMk_m_DKPbmk0uRzZngm2-82CHy5UVhDPvpwqH2qZpxz4qvCNNn6ska6Hzf0bGH0bP-1kJCqpjAZLpBCSNh3qEJLxQSeBpGgIwva97yyYhCANkggyCjDR4_dVo9ZyLY7utzw92F5IsD3A6w3g5z-6:1vMRwX:6vlSEq0nC5moc0MUFZUMapnxKANAlngLrZ9F-69iggQ", "expire_date": "2025-12-05T14:16:57.824Z"}}, {"model": "sessions.session", "pk": "cb4xg1bbgm7kj9296x82v37vb5s436a8", "fields": {"session_data": ".eJxVjMEOwiAQBf-FsyEIFEqP3v0GsguLRQ2Y0iYa47_bJj3o9c28eTMPyzz6pdHkc2QDk-zwuyGEG5UNxCuUS-WhlnnKyDeF77Txc410P-3uX2CENq5vp5yjHmPoNWhK0QrXpSQBO0Eoem0B0Woim4w1UXVBGVRpJUkKY5Paoo1ay7V4ej7y9GLDUQpnhPh8ATbbQOs:1vQnEB:2W1aVKLhfxMuQBtUzlsIikl7uwP7Eua1q-PTZH_zVio", "expire_date": "2025-12-17T13:49:07.107Z"}}, {"model": "sessions.session", "pk": "kmd33pyme06dt2aaclu2xay6f2fnu5mz", "fields": {"session_data": ".eJxVjssOwiAURP-FtSE8Srnt0r3fQC7lYlEDTWkTjfHftaYL3c45M5knc7guo1srzS4F1jPJDr-Zx-FKeQPhgvlc-FDyMifPN4XvtPJTCXQ77u7fwIh1_LQjKKOVBis6Im1EtNAY630E9DZKQ5oGL7u2xaYTEI1QYEh6FaSAgOb7qlKtqWRH9ynND9aL1xtnKz6I:1vQsxX:FfzptWOCrLu11fDZZDL4wysairKd97TtroY-0W7IZMU", "expire_date": "2025-12-17T19:56:19.108Z"}}, {"model": "sessions.session", "pk": "rvbuetyl9cmyfl8ach0t0p33nshuc8uy", "fields": {"session_data": ".eJxtkN1O4zAQhd_FF7lqo_zHrZQLulu2gaYRUBZWCFl2PGm8OHEVOyQF8e6kBWlZibsz850ZHZ1XRGhnKtJpaIngaI5cNPm6Y7R4guYI-F_a7JRdqMa0gtlHi_1JtZ0pDnLx6f3vQUV1NV6X2At9z8exMwPwQ6eMcRDGjJWYsrh0Q_ChYO4simgwc3AZOh4OwWUedx3MaXhKpUFroRoCw160BzR3JqinO0OFnO5beBbQT300f0CFbstacC6hpy0YNYZKFr3s1vurZhCXg1zTHz8vS_Xr2qzK7PdyeZBPg9et_uQXea754uJlue5fhpw6y-1d3Z_zlHGrgcEklhFGQrJSNVhM8UNiadntkuo4a1DkA4-StkVFOOiiFXszZk6sQtU1NEZPt_n2bE3O8-vsJnH-rdNNuk2_A1m6IZvb7Btwdv8FWDtFpHgGQseYp4ZOEk3cOApwNHYf2NgNIowf394BMAOqCg:1vRBY2:CdPGXPqGS8TKNxCPzv7hwDhcmI9b1D1Ue0ylub3duTk", "expire_date": "2025-12-18T15:47:14.814Z"}}, {"model": "sessions.session", "pk": "vbpslmb81oqp2lasi36hgfzmoddevtkg", "fields": {"session_data": ".eJxtkFtPwkAQhf_LPvQJmt1etyR9gOCFYEGFosaYzbY7pSuli93lFuN_t6CJmvg2c74zkzPzjhjfmpJtNTRMCtRDBHV-axnPV1CfgHjl9VLZuapNIzP7ZLG_qbYTJaAafHv_LCi5Ltvpgjq-67g0xBGA6-MipJ4fZllBeRYWxAcX8oxEQcC9CNPCxw71gWSOIJgK7p9TadBaqprBYSObI-rhDtrzpeGy6m4a2EnYd13Ue0a5boq1FKKCPW_AqDZUvJkHs_HV0xDf9OUOBu0xb9PFbarqZDoYlySlxdDdX5bB-ODrahbe8dlDurpYOZh4w763KK0aDia2jDQVxNdqDVamxDG2dLVdxuWp16DYF25L3uQlE6DzRm5Mmzm2crVeQ210dz6d92_Y5fQ-mcX4Rx5NRvPRfyAZTdgkTf4B_cdfwFoqVrWnMd7GPH_oXKIOCQOPBg6mrk0jh0Tk5eMT74enkg:1vRBFT:tOM13YQD0dNtvCasJIqbF5PxlDnwO43jbia7vb0Cf-k", "expire_date": "2025-12-18T15:28:03.892Z"}}]